SiteNum,SiteName,Long_planned,Lat_planned,SiteName,Organiz,Benthic,BenthicPair,Date,Time,Team_DS,Team,LatGPS,LongGPS,SpCond,SalFINAL,TempFinal,ODOPerFinal,ODO,Turb_Final,pH,pH_insitu_Silbiger,TSS,Ammonia,NNN,TotalN,TotalP,Silica,Chla,Salinity_Silbiger,Depth_FINAL,Photos x 5_DS,# of usable photos,Comments photo quadrants,Notes_DS,Comments,Enterococcus,FCM,DNA,FDOM,Pharm,PPL,TA,DOH,DNAex,runDNA,TA_Raw_Silbiger,fDOM_M:C,fDOM_BIX,fDOM_HIX,fDOM_FI,FCM_Concentration (cells/uL),IBU_ngmL,SMX_ngmL,GLY_ngmL,CBZ_ngmL,EnteroCFU100ml,Sample Name,SiteNum_DNA,SiteNumDOH,clusterfit,dist2coast,otpN,gw_wells,streams,DistanceHK_m
101,101,-157.758197,21.25046169,MBGT1-101,HDOHOff,0,0,20190815,9:39:00 AM,Boat,4,21.25047,-157.75838,53408,34.8,27.2,101.9,6.64,0.12,8.2,8.015034,9.6,11,1,68,9,500,0.09,35.14,27.11,,,,Lat a little off,,,1,1,1,0,0,1,1,,0,2264.802,1.271517,0.76159,0.578816,1.533584,306140,,,,,,101,101,101,11,2550.08,0,2806.31,2742.35,4079.43
102,102,-157.7714437,21.25900007,MBGT1-102,HDOHOff,0,0,20190814,10:31:00 AM,Boat,4,21.25901,-157.77151,53308,34.83,27.2,101.1,6.6,0.25,8.18,8.035337,34,13,1,72,9,500,0.11,35.12,16.02,0,,,,"YSI data not on DS, perhaps only logged due to time constraints?",,1,1,1,0,0,1,1,,0,2264.258,1.229686,0.821752,0.725718,1.571775,386340,,,,,,102,102,102,11,1108.87,117.56,1980.03,1162.76,4841.75
103,103,-157.7270412,21.26972631,MBGT1-103,HDOHOff,0,0,20190813,8:02:00 AM,Boat,4,21.26974,-157.72716,53391,34.77,27.2,100.5,6.56,0.4,8.16,8.029856,20.2,21,1,75,27,500,0.108,34.18,13.28,0,,,,,,1,1,1,0,0,1,1,,0,2266.32,1.346425,0.803472,0.56456,1.635521,383340,,,,,,103,103,103,2,1250,97.97,1600,1619.29,1391.61
104,104,-157.7156178,21.27239943,MBGT1-104,HDOHOff,0,1,20190813,7:28:00 AM,Boat,4,21.27264,-157.71521,53574,34.81,26.8,90.7,5.94,1.26,8.08,7.971843,2,20,1,52,8,500,0.139,35.31,3.23,0,,,,,,1,1,1,0,1,1,1,10/15/2019,3,2262.575,1.179701,0.84059,1.355171,1.734027,240245,,,,,,104,104,104,1,821.34,979.69,1774.96,667.08,461.8
105,105,-157.7809612,21.24717111,MBGT1-105,HDOHOff,0,0,20190814,9:58:00 AM,Boat,4,21.24716,-157.78094,53478,34.82,27,102.1,6.68,0.19,8.19,8.038535,20,14,1,87,11,500,0.15,35.25,20.71,0,,,,,,1,1,0,0,0,1,1,,0,2266.557,,,,,396540,,,,,,,105,105,11,1394.45,1201.64,1637.83,2210,5787.09
106,106,-157.7719275,21.25297455,MBGT1-106,HDOHOff,0,0,20190814,10:22:00 AM,Boat,4,21.25293,-157.77197,53436,34.31,26.9,102.1,6.69,0.22,8.18,7.971828,18,8,1,68,14,500,0.25,35.22,19.27,0,,,,"YSI data not on DS, perhaps only logged due to time constraints?",,1,1,1,0,0,1,1,,0,2290.244,1.442456,0.847321,0.716442,1.553797,383531,,,,,,106,106,106,11,1578.01,0,2049.2,1704.88,5009.58
107,107,-157.7268246,21.25977425,MBGT1-107,HDOHOff,0,0,20190814,7:03:00 AM,Boat,4,21.25968,-157.72675,53463,34.25,27.1,102.5,6.66,0.1,8.16,8.015954,26,16,1,79,7,500,0.11,34.89,13.28,0,,,,,,1,1,1,0,0,1,1,,0,2279.754,1.732096,0.827123,1.018193,1.636799,328796,,,,,,107,107,107,2,1589.78,0,2720.66,2252.91,1584.24
108,108,-157.794923,21.25534856,MBGT1-108,HDOHOff,0,0,20190814,7:55:00 AM,Boat,4,21.25395,-157.79425,53180,34.19,27.3,95.3,6.24,1.15,8.15,8.000942,62,8,1,90,11,500,0.2,35.08,2.47,,,,,,,1,1,1,0,0,1,1,,0,2269.175,1.984238,1.876579,0.23939,1.598305,450400,,,,,,108,108,108,1,165.53,4155.39,588.3,2166.01,6601.06
109,109,-157.7574542,21.2652304,MBGT1-109,HDOHOff,0,0,20190814,7:07:00 AM,Boat,4,21.26518,-157.75748,53324,34.31,27.1,101.1,6.6,0.12,8.18,8.043137,15,12,1,77,10,500,0.17,35.13,12.26,,,,,,,1,1,1,0,0,1,1,,0,2283.147,2.027541,1.536107,0.323638,1.525787,322633,,,,,,109,109,109,2,920,19.59,1257.18,1223.76,3688.91
110,110,-157.7404273,21.26519922,MBGT1-110,HDOHOff,0,0,20190814,7:34:00 AM,Boat,4,21.26518,-157.74037,53400,34.21,27.2,102.1,6.65,0.1,8.19,8.041409,24,17,1,64,8,500,0.11,35.12,13.48,0,,,,,,1,1,1,0,0,1,1,,0,2284.894,1.131805,0.777165,0.964059,1.780797,334510,,,,,,110,110,110,2,1562.37,0,1603.31,1644.54,2449.4
111,111,-157.7415723,21.27681898,MBGT1-111,HDOHOff,0,0,20190814,8:14:00 AM,Red,1,21.27682,-157.74161,52987,34.31,27.1,101.2,6.62,0.14,8.12,7.995794,22,17,1,60,7,500,0.16,34.89,1.05,1,7,,,,,1,1,1,0,0,1,1,,0,2279.891,0.781615,0.870998,0.881958,1.726159,318857,,,,,,111,111,111,7,350,270.14,374.83,516.24,2281.89
112,112,-157.817926,21.25074957,MBGT1-112,HDOHOff,0,1,20190814,8:35:00 AM,Boat,4,21.25077,-157.8179,53314,34.29,27.2,96.8,6.31,0.69,8.17,8.019571,57,18,1,75,11,500,0.11,35.1,11.81,,,,,,,1,1,1,0,1,1,1,10/15/2019,3,2281.551,1.218485,0.940302,0.486232,1.747341,454347,,,,,,112,112,112,2,661,1231.63,2903.41,4444.25,8384.69
113,113,-157.7633581,21.26287596,MBGT1-113,HDOHOff,0,0,20190814,7:12:00 AM,Boat,4,21.26286,-157.76328,53339,34.22,27.2,101.2,6.6,0.15,8.18,8.04651,11,12,1,68,9,500,0.08,35.13,14.8,,,,,,,1,1,1,0,0,1,1,,0,2284.707,1.843254,1.045867,0.277982,1.616069,333980,,,,,,113,113,113,2,1216.55,19.59,1411.74,1302.08,4160.38
114,114,-157.7446511,21.25506738,MBGT1-114,HDOHOff,0,0,20190815,9:53:00 AM,Boat,4,21.25509,-157.7446,53386,34.24,27.2,101.7,6.63,0.15,8.19,8.043167,18,11,1,62,8,500,0.03,35.16,20.53,,,,,,,1,1,1,0,0,1,1,,0,2249.76,1.735088,1.7572,0.262794,1.735086,279620,,,,,,114,114,114,11,2357.16,0,2670.07,2481.17,2978.92
115,115,-157.7416716,21.26888482,MBGT1-115,HDOHOff,0,0,20190814,7:43:00 AM,Boat,4,21.26883,-157.74165,53409,34.18,27.2,100.5,6.55,0.18,8.18,8.04135,26,9,1,51,9,500,0.11,35.16,13.81,0,,,,,,1,1,1,0,0,1,1,,0,2253.67,1.476726,0.888475,0.426293,1.724438,357163,,,,,,115,115,115,2,1138.86,78.37,1181.27,1258.65,2461.43
116,116,-157.7967088,21.24280675,MBGT1-116,HDOHOff,0,0,20190815,9:07:00 AM,Boat,4,21.24282,-157.7966,53310,34.22,27.3,102.2,6.65,0.16,8.19,8.024679,30,18,1,83,8,500,0.09,35.14,23.54,,,,,,,1,1,1,0,0,1,1,,0,2257.16,1.849894,1.06517,0.275772,1.925208,334939,,,,,,116,116,116,11,1402.46,1242.2,1815.32,3253.46,7017.66
117,117,-157.7519192,21.26879885,MBGT1-117,HDOHOff,0,1,20190814,8:03:00 AM,Boat,4,21.26877,-157.75188,53384,34.29,27.2,97.5,6.35,0.6,8.16,8.02466,19,21,1,62,6,500,0.1,35.16,10.14,0,,,,,,1,1,1,0,0,1,1,,5,2257.835,1.55271,1.343298,0.276078,1.499225,458245,,,,,,117,117,117,2,671.19,78.37,1316.05,917.82,3203.84
118,118,-157.7822214,21.25452288,MBGT1-118,HDOHOff,0,0,20190814,9:42:00 AM,Boat,4,21.25454,-157.7823,53489,34.22,27.1,101.1,6.57,0.24,8.18,8.037878,19,15,1,59,6,500,0.23,35.14,15.51,0,,,,,,1,1,1,0,1,1,1,bursted ,3,2262.202,3.306762,2.674007,0.256106,1.889988,288820,,,,,,118,118,118,2,845.28,3206.81,998.5,1426.18,5722.31
119,119,-157.723791,21.26378885,MBGT1-119,HDOHOff,0,0,20190813,9:10:00 AM,Boat,4,21.26377,-157.72389,53133,34.2,27.1,101,6.58,0.58,8.18,8.041223,16.4,20,1,105,8,500,0.094,35,14.86,0,,,,,,1,1,1,0,0,1,1,,0,2256.859,1.987858,0.866137,0.686781,1.732936,241860,,,,,,119,119,119,2,1260.04,0,2286.94,1762.98,1286.64
120,120,-157.7952216,21.25436218,MBGT1-120,HDOHOff,0,1,20190814,7:44:00 AM,Boat,4,21.25379,-157.79451,316,34.26,27.3,93.6,8.1,1.06,7.84,7.996024,21,18,1,96,17,500,0.21,35.16,3.05,,,,,,,1,1,1,0,0,1,1,10/17/2019,4,2248.14,1.488308,1.673992,0.472499,1.591696,384122,,,,,,120,120,120,4,192.35,4155.39,621.29,2194.95,6623.44
121,121,-157.7528364,21.25986211,MBGT1-121,HDOHOff,0,0,20190815,10:14:00 AM,Boat,4,21.25981,-157.75294,53445,34.21,27.3,101.9,6.63,0.12,8.2,8.031409,47,10,1,67,15,500,0.04,35.22,17.22,,,,,,,1,1,1,0,0,1,1,,0,2259.245,2.066308,1.886061,0.280684,1.6689,201460,,,,,,121,121,121,11,1569.24,0,2011.89,1910.63,3478.77
122,122,-157.7392657,21.25868291,MBGT1-122,HDOHOff,0,0,20190814,7:29:00 AM,Boat,4,21.25865,-157.73924,53344,34.31,27.2,102,6.65,0.1,8.19,8.044988,22,17,1,46,9,500,0.05,35.16,19.28,0,,,,,,1,1,1,0,0,1,1,,0,2262.126,1.29719,0.761923,0.300397,1.358108,244740,,,,,,122,122,122,11,2271.61,0,2331.05,2310.78,2511.89
123,123,-157.7444941,21.27051991,MBGT1-123,HDOHOff,0,1,20190813,8:39:00 AM,Boat,4,21.27043,-157.74463,53436,34.19,27.3,99,6.44,0.58,8.17,8.036442,17.2,25,2,71,6,500,0.128,35.23,8.77,0,,,correct,,,1,1,1,0,0,1,1,10/17/2019,4,2260.712,1.233535,0.89182,0.544995,1.625905,385880,,,,,,123,123,123,2,852.35,78.37,970.82,910.49,2641.94
124,124,-157.8068383,21.2482511,MBGT1-124,HDOHOff,0,0,20190815,8:53:00 AM,Boat,4,21.2467,-157.80717,386,34.3,27.2,99.5,8.04,0.45,7.85,8.033133,24,15,1,70,27,500,0.12,35.2,15.59,,,,,,,1,1,1,0,0,1,1,,0,2255.054,1.208896,0.948732,0.269699,1.866362,384959,,,,,,124,124,124,4,890,2928.93,2106.8,3706.45,7697.51
125,125,-157.7642115,21.25205565,MBGT1-125,HDOHOff,0,0,20190814,10:49:00 AM,Boat,4,21.25217,-157.76427,53364,34.32,27,101.8,6.66,0.16,8.18,8.041314,17,15,1,59,7,500,0.1,35.17,19.39,0,,,,"YSI data not on DS, perhaps only logged due to time constraints?",,1,1,1,0,0,1,1,,0,2266.371,1.353,0.908348,0.30216,1.398009,254327,,,,,,125,125,125,11,2174.14,0,2594.94,2221.94,4468.55
126,126,-157.7197752,21.27682693,MBGT1-126,HDOHOff,0,0,20190814,8:59:00 AM,Green,3,21.27685,-157.71977,54591,34.32,27.2,107.8,6.99,0.21,7.88,7.992601,21,15,1,44,9,500,0.12,36.07,0.6,1,8,,,,,1,1,1,0,0,1,1,10/15/2019,3,2256.741,1.133702,0.777877,0.675093,1.5922,169680,,,,,,126,126,126,4,593.63,1195.22,1110.72,822.25,699.12
127,127,-157.7137298,21.26235244,MBGT1-127,HDOHOff,0,0,20190813,9:29:00 AM,Boat,4,21.2622,-157.71439,53511,34.23,27.2,100.6,6.32,2.21,8.13,7.994097,49.6,22,3,52,9,500,0.167,35.27,10.81,0,,,,,,1,1,1,0,0,1,1,,0,2283.859,1.229613,0.809986,0.417538,1.492917,381796,,,,,,127,127,127,1,290,97.97,2774.98,1154.86,633.07
128,128,-157.7839979,21.24820899,MBGT1-128,HDOHOff,0,0,20190814,9:54:00 AM,Boat,4,21.2482,-157.78401,53516,34.24,27,101.5,6.67,0.27,8.19,8.027595,55,13,1,65,7,500,0.13,35.26,19.31,0,,,,,,1,1,0,0,0,1,1,,0,2263.092,,,,,314040,,,,,,,128,128,11,1088.94,1201.64,1356.24,2146.46,5986.49
129,129,-157.7740391,21.24657868,MBGT1-129,HDOHOff,0,0,20190814,10:10:00 AM,Boat,4,21.24639,-157.77396,53438,34.24,26.9,101.8,6.68,0.34,8.18,8.039265,25,17,1,69,6,500,0.11,35.21,23.4,0,,,,,,1,1,1,0,0,1,1,,5,2252.448,1.645055,0.905952,0.190904,1.433585,288469,,,,,,129,129,129,11,2034.21,0,2227.04,2336.34,5298.44
130,130,-157.7753898,21.26603977,MBGT1-130,HDOHOff,0,0,20190815,9:53:00 AM,Yellow,2,21.26607,-157.77542,54018,34.31,27.3,115.5,7.5,0.64,7.99,8.0096,23,22,1,67,8,500,0.36,35.65,0.35,0,23,"Many duplicates, looks like camera may have been in burst modus. Duplicates have been removed","Outer reef crest, really shallow on reef with deep pockets",,,1,1,1,0,1,1,1,10/15/2019,3,2227.882,1.024674,0.865976,0.771252,1.58152,109700,,,,,,130,130,130,6,338.38,469.81,1668.32,354.4,4968.8
131,131,-157.7327719,21.26889184,MBGT1-131,HDOHOff,0,0,20190813,8:10:00 AM,Boat,4,21.26888,-157.73302,53236,34.17,27.2,100.4,6.55,0.37,8.18,8.015949,27.6,29,1,40,16,500,0.109,35.06,11.71,0,,,,,,1,1,1,0,0,1,1,,0,2251.951,1.213468,0.75843,0.293871,1.574812,358857,,,,,,131,131,131,2,1211.98,97.97,1633.55,1352.48,1835.14
132,132,-157.8040378,21.25445077,MBGT1-132,HDOHOff,0,1,20190814,8:06:00 AM,Boat,4,21.25275,-157.80147,53335,34.26,27.2,101.3,6.61,1.31,8.09,7.957039,29,14,4,78,23,500,0.23,35.15,5.18,,,,,,,1,1,1,0,1,1,1,10/15/2019,3,2243.167,1.661128,1.635064,0.542821,1.696963,402600,,,,,,132,132,132,1,350.57,4275.69,1238.22,2837.36,7150.65
133,133,-157.7554016,21.26752219,MBGT1-133,HDOHOff,0,1,20190814,8:13:00 AM,Boat,4,21.2675,-157.7554,53284,34.28,27.2,95,6.32,0.6,8.14,7.984089,41,21,1,52,8,500,0.19,35.26,8.9,0,,,,,,1,1,1,0,0,1,1,,5,2256.581,1.319919,1.102881,0.414784,1.661246,530163,,,,,,133,133,133,1,679.12,78.37,1163.87,1042.16,3486.92
134,134,-157.7829884,21.25607701,MBGT1-134,HDOHOff,0,1,20190814,9:22:00 AM,Boat,4,21.25605,-157.78314,336,34.81,27.2,100.5,8.19,0.19,7.67,8.047573,47,15,1,57,8,500,0.14,35.24,12.48,0,,,,,,1,1,1,0,0,1,1,10/17/2019,4,2280.137,1.310574,1.253565,0.245585,1.550515,362204,,,,,,134,134,134,4,657.42,3206.81,846.94,1290.97,5749.75
135,135,-157.7201487,21.26455928,MBGT1-135,HDOHOff,0,0,20190813,9:17:00 AM,Boat,4,21.26457,-157.72029,53294,34.29,27.2,100.3,6.58,0.35,8.17,8.016218,15,17,1,48,9,500,0.1,35.02,12.69,0,,,,,,1,1,1,0,0,1,1,,5,2276.267,1.424608,0.767122,0.27226,1.454641,514102,,,,,,135,135,135,2,896.77,97.97,2286.33,1389.75,1008.15
136,136,-157.7866572,21.25242263,MBGT1-136,HDOHOff,0,0,20190814,9:48:00 AM,Boat,4,21.25224,-157.78674,53485,34.22,27.2,98.5,6.36,0.49,8.17,8.002546,25,21,1,54,9,500,0.15,35.17,14.68,0,,,,,,1,1,1,0,0,1,1,,0,2261.567,1.395367,0.873275,0.309289,1.641159,473694,,,,,,136,136,136,2,573.85,3485.08,826.62,1833.58,6094.86
137,137,-157.7515715,21.25695837,MBGT1-137,HDOHOff,0,0,20190815,10:05:00 AM,Boat,4,21.25699,-157.75163,355,34.79,27.3,102,8.04,0.11,7.82,8.049513,20,11,1,75,9,500,0.08,35.21,18.93,,,,,,,1,1,1,0,1,1,1,10/15/2019,3,2274.123,1.667925,1.432253,0.29338,1.62476,368245,,,,,,137,137,137,11,1904.13,0,2350.53,2204.45,3446.22
138,138,-157.7398726,21.25713153,MBGT1-138,HDOHOff,0,0,20190814,7:25:00 AM,Boat,4,21.25715,-157.73987,53370,34.3,27.2,102.1,6.66,0.09,8.19,8.043262,26,14,1,43,7,500,0.07,35.14,20.42,0,,,,,,1,1,0,0,0,1,1,,0,2284.199,,,,,328960,,,,,,,138,138,11,2398.21,0,2484.85,2432.86,2590.7
139,139,-157.7485839,21.26894109,MBGT1-139,HDOHOff,0,1,20190814,6:56:00 AM,Boat,4,21.26886,-157.74854,53204,34.24,27.1,100.9,6.59,0.22,7.99,8.044672,26,13,1,78,9,500,0.13,34.94,12.47,,,,,,,1,1,1,0,0,1,1,,5,2280.627,1.642682,0.943578,0.340661,1.505659,342480,,,,,,139,139,139,2,878.64,137.16,1231.3,906.09,2959.9
140,140,-157.8000263,21.2444788,MBGT1-140,HDOHOff,0,0,20190815,9:00:00 AM,Boat,4,21.2445,-157.79982,53446,34.83,27.2,101.7,6.63,0.15,8.19,8.063098,26,13,2,112,31,500,0.09,35.2,19.53,,,,,,,1,1,1,0,0,1,1,,0,2282.695,1.715941,0.79569,0.307155,1.468172,368000,,,,,,140,140,140,11,1274.24,768.6,1782.39,3317.98,7213.75
141,141,-157.7639639,21.25708513,MBGT1-141,HDOHOff,0,0,20190814,7:20:00 AM,Boat,4,21.25695,-157.76407,53270,34.83,27.2,101.9,6.65,0.09,8.18,8.056304,18,7,1,63,8,500,0.09,35.12,16.45,,,,,,,1,1,1,0,0,1,1,,0,2284.614,1.378997,0.781136,0.364804,1.791468,297796,,,,,,141,141,141,2,1791.2,0,2064.75,1843.96,4348.34
142,142,-157.7241439,21.2667735,MBGT1-142,HDOHOff,0,0,20190813,9:05:00 AM,Boat,4,21.26666,-157.72426,53296,34.77,27.2,100.4,6.58,0.39,8.17,8.056098,23,17,1,54,8,500,0.11,35.14,12.22,0,,,"correct, sand",,,1,1,1,0,0,1,1,,0,2275.605,1.272873,0.776522,0.50473,1.456732,416408,,,,,,142,142,142,2,1341.23,0,1964.61,1672.87,1249.58
143,143,-157.71587,21.26303341,MBGT1-143,HDOHOff,0,0,20190813,9:24:00 AM,Boat,4,21.26285,-157.7159,53359,34.8,27.2,100.7,6.58,0.39,8.17,8.047828,22,18,1,53,8,500,0.12,35.11,10.67,0,,,,,,1,1,1,0,0,1,1,,0,2277.028,1.235038,0.826864,0.335015,1.434354,442820,,,,,,143,143,143,2,430.12,97.97,2638.56,1184.06,728.11
144,144,-157.7845208,21.24554424,MBGT1-144,HDOHOff,0,0,20190815,9:20:00 AM,Boat,4,21.24553,-157.78444,53316,34.29,27.2,97.9,6.41,0.56,8.16,8.007756,34,14,4,78,27,500,0.15,35.18,21.71,,,,,,,1,1,1,0,0,1,1,,0,2248.201,1.210339,0.805475,0.439156,1.653732,503857,,,,,,144,144,144,11,1287.05,1201.64,1587.61,2447.3,6076.73
145,145,-157.7791759,21.24747135,MBGT1-145,HDOHOff,0,0,20190814,10:08:00 AM,Boat,4,21.24746,-157.77914,53488,34.81,26.9,102.1,6.68,0.09,8.19,8.055898,30,20,1,71,7,500,0.11,35.26,20.48,0,,,,,,1,1,1,0,0,1,1,,0,2275.945,1.415782,0.668425,0.901141,1.542526,417714,,,,,,145,145,145,11,1522.01,0,1740,2160.21,5650.05
146,146,-157.7681717,21.25719395,MBGT1-146,HDOHOff,0,0,20190814,10:39:00 AM,Boat,4,21.25702,-157.76823,53253,34.2,27.3,101.2,6.59,0.22,8.18,8.028012,20,16,1,58,8,500,0.15,35.08,18.86,0,,,,"YSI data not on DS, perhaps only logged due to time constraints?",,1,1,1,0,0,1,1,,0,2257.231,1.286134,0.717481,0.276393,1.556609,371900,,,,,,146,146,146,11,1512.08,0,2136.77,1548.58,4648.16
147,147,-157.7262692,21.25552509,MBGT1-147,HDOHOff,0,0,20190814,7:12:00 AM,Boat,4,21.25543,-157.72629,53412,34.3,27.1,102.5,6.69,0.3,8.18,8.036362,36,16,1,64,7,500,0.11,35.2,30.78,0,,,,,,1,1,1,0,0,1,1,,0,2255.621,1.437145,0.57604,0.242499,1.466083,371041,,,,,,147,147,147,11,1669.28,0,3191.9,2517.34,1644.84
148,148,-157.8084056,21.25075021,MBGT1-148,HDOHOff,0,1,20190814,8:23:00 AM,Boat,4,21.25041,-157.8082,53309,34.24,27.1,99,6.47,1.62,8.08,7.958513,28,15,1,80,19,500,0.24,35.12,5.78,,,,,,,1,1,1,0,0,1,1,,5,2256.672,1.067837,0.841841,0.303967,1.763066,600180,,,,,,148,148,148,1,480.42,3434.31,1976.77,3563.87,7689.99
149,149,-157.7662966,21.26764398,MBGT1-149,HDOHOff,0,1,20190814,8:44:00 AM,Boat,4,21.2677,-157.76624,53401,34.23,27.1,95.2,6.11,0.8,8.12,7.803784,12,19,4,67,7,500,0.18,35.08,5.81,0,,,,,,1,1,1,0,0,1,1,10/17/2019,4,2261.7,1.211141,0.753836,0.486749,1.576941,507367,,,,,,149,149,149,1,603.74,222.79,939.84,687.68,4267.75
150,150,-157.7503385,21.26439937,MBGT1-150,HDOHOff,0,0,20190814,7:01:00 AM,Boat,4,21.26431,-157.75034,53318,34.31,27.1,101.9,6.66,0.13,8.17,7.929988,19,7,1,94,10,500,0.15,35.14,13.58,,,,,,,1,1,1,0,1,1,1,bursted,3,2267.092,1.339918,0.653721,0.267148,1.511788,381500,,,,,,150,150,150,2,1180.68,19.59,1768.28,1390.04,3190.9
151,151,-157.7336893,21.25382383,MBGT1-151,HDOHOff,0,0,20190814,7:18:00 AM,Boat,4,21.25384,-157.73367,53435,34.22,27.2,102.6,6.69,0.18,8.19,7.960324,30,12,1,75,8,500,0.12,35.14,27.89,0,,,,,,1,1,1,0,0,1,1,,0,2244.587,1.715733,0.768726,0.254145,1.433523,358240,,,,,,151,151,151,11,2449.69,0,3011.99,2950.97,2214.68
152,152,-157.7905802,21.25360791,MBGT1-152,HDOHOff,0,1,20190814,7:35:00 AM,Boat,4,21.2536,-157.79053,53417,34.31,27.3,98.6,6.39,0.65,8.18,7.965738,21,15,5,91,19,500,0.17,35.14,9.39,,,,,,,1,1,1,0,1,1,1,10/15/2019,3,2249.015,1.510929,0.78347,0.416758,1.421646,512184,,,,,,152,152,152,2,201.25,4127.77,534.6,1919.43,6339.32
153,153,-157.7556454,21.2527354,MBGT1-153,HDOHOff,0,0,20190815,9:44:00 AM,Boat,4,21.25272,-157.75572,53353,34.31,27.2,101.8,6.64,0.13,8.2,7.979072,30,10,1,95,8,500,0.08,35.13,21.08,,,,,,,1,1,1,0,0,1,1,,0,2262.071,1.688956,0.804683,0.235997,1.689634,334720,,,,,,153,153,153,11,2304.26,0,2623.6,2615.59,3836.96
154,154,-157.7478217,21.25731629,MBGT1-154,HDOHOff,0,0,20190815,9:59:00 AM,Boat,4,21.25728,-157.74789,53428,34.3,27.3,101.8,6.62,0.09,8.2,7.975839,32,9,1,68,9,500,0.09,35.17,18.42,,,,,,,1,1,1,0,0,1,1,,0,2241.861,1.276083,0.80038,0.193554,1.433952,378673,,,,,,154,154,154,11,1989.3,0,2458.01,2184.35,3168.86
155,155,-157.7384355,21.27218945,MBGT1-155,HDOHOff,0,1,20190813,8:51:00 AM,Boat,4,21.27213,-157.73851,53262,34.26,27.1,98.6,6.44,1.1,8.14,7.960232,9,17,1,57,5,500,0.15,35.09,10.34,0,,,correct,,,1,1,1,0,0,1,1,10/17/2019,4,2251.144,1.360702,0.758433,0.633468,1.594117,565700,,,,,,155,155,155,2,852.11,274.31,978.01,890.51,2161.01
156,156,-157.8098239,21.24712972,MBGT1-156,HDOHOff,0,0,20190815,8:49:00 AM,Boat,4,21.24713,-157.80971,53435,34.23,27.1,101.3,6.61,0.16,8.2,7.983799,27,13,1,68,31,500,0.1,35.22,17.19,,,,,,,1,1,1,0,0,1,1,,0,2255.756,1.353043,0.646217,0.327993,1.553151,402306,,,,,,156,156,156,11,866.83,1706.32,2288.17,3894.66,7872
157,157,-157.7743957,21.26569807,MBGT1-157,HDOHOff,0,1,20190814,9:02:00 AM,Boat,4,21.26516,-157.77388,350,34.3,27.2,93.3,8.19,1.32,7.54,7.982426,14,24,8,75,8,500,0.31,35.22,3.47,0,,,,,,1,1,1,0,0,1,1,10/17/2019,4,2280.286,1.19802,0.744056,0.637375,1.561797,338940,,,,,,157,157,157,4,526.97,419.05,1619.66,538.52,4877.38
158,158,-157.7306206,21.27557392,MBGT1-158,HDOHOff,0,1,20190813,8:20:00 AM,Boat,4,21.2754,-157.73088,53412,34.31,26.8,99.8,6.55,1.76,8.09,7.961522,16,19,4,54,6,500,0.09,35.21,6.4,0,,,correct,,,1,1,1,0,0,1,1,10/17/2019,4,2277.428,1.215294,0.786492,1.128746,1.601224,230347,,,,,,158,158,158,1,579.83,333.09,1054.75,920.87,1536
159,159,-157.7130334,21.27077642,MBGT1-159,HDOHOff,0,1,20190814,11:18:00 AM,Boat,4,21.27054,-157.71342,53636,34.45,27.7,110.9,7.17,4.47,8.13,7.9229,20,24,3,73,8,500,0.3,35.3,1.86,0,,,,,,1,1,1,0,0,1,1,10/17/2019,4,2272.023,1.160446,0.869492,0.623328,1.627493,489060,,,,,,159,159,159,1,523.45,450.66,2072.41,476.76,378.52
160,160,-157.7914417,21.24633863,MBGT1-160,HDOHOff,0,0,20190815,9:14:00 AM,Boat,4,21.2463,-157.79143,53370,34.3,26.9,99.7,6.53,0.37,8.18,7.963369,41,12,1,25,5,500,0.11,35.16,16.95,,,,,,,1,1,1,0,0,1,1,10/17/2019,4,2256.944,1.268993,0.770942,0.367722,1.798029,513367,,,,,,160,160,160,11,978.67,3669.6,1340.04,2641.97,6566.09
161,161,-157.7148,21.27516,Sensor C,McManus Lab sensor,0,1,20190813,7:13:00 AM,Boat,4,21.27436,-157.71468,53403,34.36,27.1,86.1,5.66,4.5,8.08,7.919976,25,25,2,58,5,500,0.37,35.25,2.07,0,,,,,,1,1,1,0,0,1,1,10/17/2019,4,2294.458,1.142349,0.808331,1.156343,1.637102,619060,,,,,,161,161,161,1,707.11,979.69,1682.41,689.64,385.4
162,162,-157.7188992,21.28431642,,KamiloNui,0,0,20190812,6:56:00 AM,Green,3,21.28432,-157.71893,55022,34.29,27.6,78.5,4.41,2.42,7.6,7.871892,22,26,16,112,11,1979,0.83,34.27,1.52,1,4,"low quality, some location pictures",Only one picture taken. Deep/Murky,"Salinities were not noted down on DS, specific conductivity instead.",,1,1,1,1,0,1,1,10/15/2019,3,2392.94,1.103886,0.742622,2.257885,1.57762,724100,0,0.023,0.311,0.156,<10,162,162,162,4,40,1391.16,840.24,40,473.21
163,163,-157.7166863,21.2821749,,KamiloNui,0,0,20190813,6:23:00 AM,Boat,4,21.28218,-157.71657,53025,34.06,26,73.4,4.95,2.36,7.89,7.915739,38,32,7,79,9,550,0.22,34.96,0.3,0,,Depth is an after-the-fact visual estimate because it couldn't be measured in situ,,,,1,1,1,0,0,1,1,,5,2342.901,1.117953,0.752887,1.254033,1.590202,838612,,,,,,163,163,163,10,72.8,1606.69,1111.98,375.37,349.54
164,164,-157.7140451,21.28100897,,KamiloNui,0,1,20190813,6:29:00 AM,Boat,4,21.28102,-157.71417,53120,34.26,26.2,71.6,4.83,3.28,8.02,7.894574,48,23,2,43,5,500,0.19,35,0.3,0,,Depth is an after-the-fact visual estimate because it couldn't be measured in situ,,,,1,1,1,0,0,1,1,10/15/2019,3,2287.312,1.168363,0.803101,0.634798,1.617052,752780,,,,,,164,164,164,10,85.44,1606.69,1384.95,230.87,201.31
165,165,-157.7101666,21.27703527,,KamiloNui,0,0,20190815,9:18:00 AM,Red,1,21.27702,-157.71017,55726.8,34.36,27.5,91.6,5.95,6.98,8.09,7.900494,51,20,1,94,9,500,1.04,35.02,0.87,0,0,1 location picture,"Too murky for quadrant, depth range of 80-95 given",,,1,1,1,1,0,1,1,,0,2398.834,1.218369,0.815546,1.032288,1.628483,754540,1.85,0.088,0.188,0.136,,165,165,165,7,202.24,1312.78,1925.1,493.96,-0.09
166,166,-157.7157821,21.28039031,,KamiloNui,0,0,20190815,10:31:00 AM,Green,3,21.28041,-157.71581,54648,34.24,27.3,105.9,6.86,1.03,7.9,7.982458,19,15,1,72,7,500,0.33,36.12,32,1,6,,,,,1,1,1,1,0,1,1,,5,2328.048,1.139487,0.785749,0.823254,1.556625,721408,0.47,0.069,0.221,0.133,,166,166,166,11,228.04,1391.16,1239.76,410,333.59
167,167,-157.7128792,21.27884366,,KamiloNui,0,0,20190813,6:49:00 AM,Boat,4,21.27988,-157.71246,53706,34.52,27.6,88.2,5.73,4.99,8.03,7.919499,23,25,3,92,7,500,0.8,35.44,1.73,0,,,,,,1,1,1,0,0,1,1,,5,2353.007,1.136586,0.814742,1.977107,1.600949,1247700,,,,,,167,167,167,1,140,1391.16,1591.01,161.55,102.62
168,168,-157.7379587,21.27498893,,Midshore,0,0,20190814,7:40:00 AM,Red,1,21.275,-157.73795,52951,34.29,27.1,100.8,6.59,0.38,8.13,7.924893,24,21,11,56,8,500,0.18,34.5,0.72,1,20,,,Depth range of 58-85 given,,1,1,1,0,0,1,1,,5,2182.598,1.120392,0.847613,0.519427,1.623055,250653,,,,,,168,168,168,7,530,274.31,796.3,570.35,2057
169,169,-157.7237533,21.27415612,,Midshore,0,1,20190813,7:47:00 AM,Boat,4,21.27278,-157.72395,53279,34.21,27,94.2,6.21,1.43,8.14,7.936355,20,21,2,89,8,500,0.17,35.13,5.82,0,,,swell,,,1,1,1,0,0,1,1,,5,2173.745,1.252229,0.867193,0.441561,1.642776,412694,,,,,,169,169,169,1,916.62,529.03,1312.17,1272.83,1091.88
170,170,-157.7183281,21.27965268,,KamiloNui,0,0,20190814,9:20:00 AM,Green,3,21.27966,-157.71835,54687,34.35,26.8,98.3,6.42,0.48,7.88,7.939671,20,17,1,55,6,500,0.19,36.16,1.12,1,6,,,,,1,1,1,0,0,1,1,,5,2220.921,1.047268,0.793677,0.627558,1.577868,518367,,,,,,170,170,170,6,390.51,1195.22,1038.32,563.21,534.16
171,171,-157.7607063,21.26964466,,Midshore,0,1,20190814,8:30:00 AM,Boat,4,21.26911,-157.76054,53448,34.21,27.1,98.6,6.44,1.89,8.11,7.936526,21,16,2,78,8,500,0.29,35.23,2.9,0,,,250 m offset/benthic 2 WM rough,"YSI data not on DS, perhaps only logged due to time constraints?,",,1,1,1,0,0,1,1,,5,2246.282,1.260221,0.857733,0.531477,1.566814,888837,,,,,,171,171,171,1,554.62,313.5,740.41,775.24,3823.66
172,172,-157.749235,21.27290452,,Midshore,0,1,20190814,7:52:00 AM,Boat,4,21.2725,-157.74924,642,34.28,26.9,97.8,8,0.95,7.86,7.916094,21,15,3,67,6,500,0.36,35.16,3.66,0,,,,,,1,1,1,0,0,1,1,,5,2240.074,1.306516,0.821434,0.653503,1.621706,575673,,,,,,172,172,172,4,490.31,195.94,912.63,498.2,2930.12
173,173,-157.7774078,21.26146527,,Midshore,0,1,20190814,9:12:00 AM,Boat,4,21.26129,-157.77759,53431,34.2,27.3,98.5,6.42,0.54,8.13,7.952021,20,16,2,69,7,500,0.24,35.23,9.18,0,,,,,,1,1,1,0,0,1,1,10/17/2019,4,2232.072,1.32076,0.976943,0.613453,1.729793,357245,,,,,,173,173,173,1,482.7,797.84,1374.81,641.33,5231.76
174,174,-157.7117232,21.28126584,,KamiloNui,0,0,20190812,7:29:00 AM,Green,3,21.28136,-157.7119,56356,34.48,28.2,91.3,5.49,5.4,7.82,7.890246,52.4,21,3,110,9,594,1.318,34.95,3.1,1,0,Depth is an after-the-fact visual estimate because it couldn't be measured in situ,Pictures taken from bank (4x),"Salinities were not noted down on DS, specific conductivity instead, depth not indicated on DS, perhaps not feasable?",,1,1,1,1,0,1,1,10/15/2019,3,2367.65,1.152682,0.76288,1.700118,1.528202,1044200,0.49,0.021,0.212,0.2,<10,174,174,174,4,10,1626.28,1610.12,20,29.35
180,180,21.28269,-157.72502,,Paiko Lagoon,0,0,20190815,9:27:00 AM,Green,3,21.28269,-157.72502,49874,31.04,27.4,88.9,5.87,6.53,7.81,7.887175,50,19,2,158,23,4801,1.49,32.6,0.22,1,11,,,,,1,1,1,1,0,1,1,10/15/2019,3,2412.798,1.116673,0.767745,1.413118,1.556023,1664780,0.42,0.082,0.217,0.093,,180,180,180,4,10,1273.59,270.19,393.95,950.38
181,181,21.28436,-157.72292,,Paiko Lagoon,0,0,20190815,9:56:00 AM,Green,3,21.28435,-157.72292,53781,33.73,28.7,87.9,5.57,27.66,7.77,7.824419,135,64,4,174,17,1506,4.73,35.49,0.13,1,0,Only above surface,,,,1,1,1,1,0,1,1,,5,2954.155,1.113586,0.719652,1.459598,1.579355,1059900,3,0.075,0.206,0.07,,181,181,181,12,10,1273.59,430.46,152.97,761.58
201,201,-157.7881671,21.26031975,MBGT1-201,HDOHIn,0,0,20190814,8:55:00 AM,Yellow,2,21.26034,-157.78824,53896,34.9,26.9,107.1,7,0.29,7.9,7.931702,34,20,1,81,12,500,0.18,35.57,0.57,1,12,,,,,1,1,1,1,1,1,1,10/11/2019,1,2267.24,1.055244,0.872081,0.882041,1.729759,297837,0,0.069,0.222,0.08,<10,201,201,201,6,0,3810.16,277.85,1228.01,6024.27
202,202,-157.7617077,21.27505085,MBGT1-202,HDOHIn,0,0,20190815,7:20:00 AM,Red,1,21.27506,-157.76169,44109,28.83,25.6,63.9,4.45,1.39,7.84,7.831951,29,2,1,173,28,8077,0.66,28.44,0.46,1,19,,,,,1,1,1,1,0,1,1,10/11/2019,1,2241.037,1.064544,0.774672,0.984186,1.626992,761620,0.02,0.05,0.146,,,202,202,202,9,110,301.16,98.49,237.07,3775.37
203,203,-157.728803,21.2794055,MBGT1-203,HDOHIn,0,0,20190814,7:51:00 AM,Green,3,21.2794,-157.72882,54710,34.93,26.4,87.8,5.77,1.38,7.82,7.961669,34,22,1,69,6,500,0.28,36.19,0.58,1,5,,,,,1,1,1,1,0,1,1,10/11/2019,1,2283.216,1.11873,0.741922,0.771178,1.704132,425880,0,0.029,0.318,,,203,203,203,10,208.81,489.84,569.21,912.63,1298.36
204,204,-157.7411422,21.27923154,MBGT1-204,HDOHIn,0,0,20190814,8:29:00 AM,Red,1,21.27922,-157.74115,52978,34.96,26.8,105.1,6.91,1.01,8.16,8.026644,25,22,1,85,7,500,0.37,34.89,0.51,1,25,,,,,1,1,1,1,1,1,1,10/11/2019,1,2279.544,1.076477,0.68937,0.929871,1.668771,438490,0.01,0.101,0.238,,,204,204,204,7,80,270.14,310,328.94,2195.51
205,205,-157.7739662,21.27092276,MBGT1-205,HDOHIn,0,0,20190813,6:36:00 AM,Yellow,2,21.27089,-157.77399,53138,34.41,26.3,77.7,5.15,2.07,7.74,7.915921,19,16,7,71,11,1180,0.14,35.02,1,1,7,,,,,1,1,1,1,0,1,1,10/11/2019,1,2279.716,1.103781,0.740459,0.789119,1.639273,608520,0.48,0.088,0.162,,10,205,205,205,10,30,281.57,1261.43,368.92,4758.58
206,206,-157.7659236,21.27174923,MBGT1-206,HDOHIn,0,0,20190815,8:12:00 AM,Yellow,2,21.27177,-157.76593,53987,34.8,27.2,107.3,6.97,0.81,7.96,8.021535,12,16,2,59,8,500,0.18,35.69,0.55,1,6,"Many dublicates, looks like camera may have been in burst modus. Dublicates have been removed",,,,1,1,1,1,1,1,1,10/11/2019,1,2251.614,1.079251,0.709614,0.771343,1.664272,357102,0,0.041,0.248,,,206,206,206,6,244.13,222.79,524.31,485.08,4155.27
207,207,-157.7283756,21.27812503,MBGT1-207,HDOHIn,0,0,20190814,7:42:00 AM,Green,3,21.27813,-157.72841,54659,34.95,26.7,87.5,5.72,0.36,7.84,7.987377,17,20,1,72,8,500,0.23,36.15,0.53,1,5,,,,,1,1,1,1,1,1,1,10/11/2019,1,2269.56,1.079052,0.82752,0.749875,1.666572,354653,0.01,0.055,0.175,,,207,207,207,10,333.77,489.84,692.31,976.22,1296.73
208,208,-157.7362547,21.27856629,MBGT1-208,HDOHIn,0,0,20190814,7:13:00 AM,Red,1,21.27855,-157.73627,52965,34.86,27.1,94.7,6.2,0.3,8.12,8.001409,24,23,1,52,6,500,0.26,34.87,0.76,1,6,,Depth range of 72-80 given,,,1,1,1,1,0,1,1,10/11/2019,1,2263.412,1.128643,0.718225,0.521416,1.739522,331673,0.49,0.066,0.202,,,208,208,208,7,156.52,313.5,822.98,261.73,1856.82
209,209,-157.7750169,21.26757491,MBGT1-209,HDOHIn,0,0,20190813,8:01:00 AM,Yellow,2,21.2702,-157.7755,53572,34.82,26.7,78.8,5.18,3.1,7.83,7.983606,26,21,1,44,7,500,0.12,35.43,0.95,1,10,,More wave action here,,,1,1,1,1,1,1,1,10/11/2019,1,2256.641,1.22054,0.698197,1.343842,1.638119,321429,0.4,0.039,0.222,,,209,209,209,10,28.28,536.61,1426.95,192.09,4883.23
210,210,-157.7839668,21.26189111,MBGT1-210,HDOHIn,0,0,20190814,7:07:00 AM,Yellow,2,21.26191,-157.78398,53932,34.81,27.1,99.8,6.5,0.87,7.82,7.965583,22,20,1,50,8,500,0.19,35.54,1.05,1,11,,,,,1,1,1,1,1,1,1,10/11/2019,1,2255.711,0.985504,0.741549,0.859482,1.689306,440102,0,0.064,0.259,0.074,,210,210,210,6,56.57,2489.58,760.59,785.18,5680.93
211,211,-157.7227487,21.27749817,MBGT1-211,HDOHIn,0,0,20190813,6:38:00 AM,Green,3,21.27747,-157.72273,54326,34.79,26.6,96.6,6.34,0.35,7.66,7.964769,17,25,3,46,9,500,0.08,36.05,0.75,1,6,,,"Lat/Long_DS maps in unreasonable locations, might want to use YSI coordinates",,1,1,1,1,1,1,1,10/11/2019,1,2263.077,1.162834,0.91132,0.263694,1.593947,276408,0,0.044,0.196,0.1,,211,211,211,10,406.08,783.75,879.83,739.8,899.85
212,212,-157.7324607,21.28045319,MBGT1-212,HDOHIn,0,0,20190815,8:43:00 AM,Green,3,21.28043,-157.73248,54697,34.85,26.8,97,6.33,1.04,7.89,8.006026,28,9,1,25,5,500,0.28,36.16,0.33,1,20,,,,,1,1,1,1,0,1,1,10/11/2019,1,2284.551,1.153806,0.903401,0.583568,1.65376,389920,0.77,0.091,0.173,,,212,212,212,6,92.2,391.87,706.05,591.35,1540.72
213,213,-157.7649093,21.27229159,MBGT1-213,HDOHIn,0,0,20190815,7:59:00 AM,Yellow,2,21.2723,-157.76494,54079,34.8,26.7,97.6,6.41,1.73,7.82,7.956759,19,17,1,80,8,500,0.88,35.74,0.3,1,22,"Many dublicates, looks like camera may have been in burst modus. Dublicates have been removed",Very shallow. waves are stirring up water on the reef flat,,,1,1,1,1,0,1,1,10/11/2019,1,2264.119,1.171308,1.136588,0.376368,1.701605,441220,0.53,0.089,0.211,,,213,213,213,6,250.6,301.16,420.59,590.08,4071.83
214,214,-157.7319025,21.27753644,MBGT1-214,HDOHIn,0,0,20190815,8:00:00 AM,Green,3,21.27753,-157.73195,54669,34.93,26.9,103.9,6.77,0.57,7.81,7.953906,27,15,1,25,5,500,0.15,36.14,0.55,1,11,,,,,1,1,1,1,0,1,1,10/11/2019,1,2270.955,1.152284,0.857158,0.615414,1.641609,218837,0.02,0.074,0.198,,,214,214,214,6,327.57,391.87,901.39,698.57,1566.43
215,215,-157.7437168,21.27912489,MBGT1-215,HDOHIn,0,0,20190813,6:33:00 AM,Red,1,21.2791,-157.74371,46699,29.98,26.1,47.3,3.23,4.19,7.88,7.871836,20,9,139,201,31,9342,0.36,30.32,0.72,1,6,"Low quality: All of them are out of focus, but I left most of them in as you can kind of guess the type of benthic cover from the pictures",,,,1,1,1,1,1,1,1,10/11/2019,1,2233.273,1.121216,0.740644,1.912465,1.602895,804100,0,0.082,0.219,0.146,,215,215,215,9,44.72,270.14,50.99,592.28,2383.61
216,216,-157.7574259,21.27300332,MBGT1-216,HDOHIn,0,0,20190812,7:24:00 AM,Yellow,2,21.27278,-157.75737,55538,33.98,27.4,100.8,6.49,2.4,7.94,7.943313,13.6,18,1,59,9,500,0.213,34.45,0.87,1,6,,,"In-situ measurement, bottle sample was logged. BWTF taken at 216 not at 228",,1,1,1,1,0,1,1,10/11/2019,1,2276.756,1.321276,0.722149,0.824056,1.495763,512720,0,0.051,0.209,,<10,216,216,216,6,80,293.91,596.41,432.67,3512.86
217,217,-157.7771231,21.26646455,MBGT1-217,HDOHIn,0,0,20190813,7:47:00 AM,Yellow,2,21.26897,-157.77693,53116,34.75,26.2,90.1,5.98,3.8,7.8,7.999202,22,17,1,54,7,500,0.12,35.52,0.65,1,9,,,,,1,1,1,1,1,1,1,10/11/2019,1,2254.233,1.393083,0.71057,1.001883,1.549412,297653,0.02,0.052,0.126,,,217,217,217,10,14.14,536.61,1623.61,20,5014.02
218,218,-157.7709433,21.27034415,MBGT1-218,HDOHIn,0,0,20190815,9:02:00 AM,Yellow,2,21.27031,-157.77097,53971,34.89,27.4,110.9,7.19,0.43,7.98,8.020272,20,19,1,65,8,500,0.21,35.63,0.68,1,5,"Many dublicates, looks like camera may have been in burst modus. Dublicates have been removed",,,,1,1,1,1,1,1,1,10/11/2019,1,2250.548,1.120123,0.783512,0.721798,1.638506,363580,0,0,0.198,,,218,218,218,6,201.25,281.57,1016.07,243.31,4552.65
219,219,-157.721661,21.27888636,MBGT1-219,HDOHIn,0,0,20190813,6:58:00 AM,Green,3,21.27888,-157.72165,54587,34.8,26.7,91.5,5.99,0.44,7.84,7.937391,20,17,1,59,7,500,0.06,36.09,0.55,1,7,,,,,1,1,1,0,0,1,1,,0,2266.951,1.233721,0.822671,0.823863,1.681559,304449,,,,,,219,219,219,10,296.82,783.75,820.37,580.09,790.46
220,220,-157.7347561,21.27924341,MBGT1-220,HDOHIn,0,0,20190814,6:52:00 AM,Red,1,21.27924,-157.73477,52586,34.82,26.7,89.9,5.93,0.32,8.02,7.984777,66,23,1,75,5,500,0.22,34.65,0.9,1,6,,,,,1,1,1,1,1,1,1,10/11/2019,1,2269.482,1.116212,0.862451,0.773962,1.649667,403061,0,0.033,0.189,0.109,,220,220,220,7,50,391.87,968.35,364.01,1732.91
221,221,-157.7751444,21.2690965,MBGT1-221,HDOHIn,0,0,20190813,6:48:00 AM,Yellow,2,21.26708,-157.77896,34890,34.47,27,68.2,4.81,5.34,7.84,7.911893,54,16,2,71,12,553,0.13,35.34,1.4,1,9,,"Water too deep to access, took sample as close as possble",,,1,1,1,1,0,1,1,10/11/2019,1,2272.287,1.180471,0.82411,0.651176,1.642066,610980,0,0.083,0.251,0.134,,221,221,221,10,20,469.81,1500,22.36,5202.89
222,222,-157.7844413,21.26184437,MBGT1-222,HDOHIn,0,0,20190814,7:17:00 AM,Yellow,2,21.26184,-157.78444,53936,34.74,27,99.1,6.46,0.66,7.81,7.929505,26,28,1,50,6,500,0.2,35.6,0.83,1,10,,,"Lat/Long_DS maps in unreasonable locations, might want to use YSI coordinates",,1,1,1,1,0,1,1,10/11/2019,1,2265.737,1.231143,0.991848,0.609507,1.6356,434959,0.72,0.077,0.171,,,222,222,222,6,36.06,3810.16,711.13,820.37,5715.8
223,223,-157.7222897,21.27916636,MBGT1-223,HDOHIn,0,0,20190813,7:10:00 AM,Green,3,21.27918,-157.72229,54636,34.82,26.4,89.4,5.88,0.46,7.83,7.919063,26,14,1,46,6,500,0.1,36.13,0.57,1,5,,,,,1,1,1,1,0,1,1,10/11/2019,1,2273.587,1.196131,0.829131,0.542658,1.610901,368180,0.76,0.075,0.163,,,223,223,223,10,237.07,783.75,750.73,545.89,830.19
224,224,-157.7486428,21.27699653,MBGT1-224,HDOHIn,0,0,20190813,7:48:00 AM,Red,1,21.277,-157.74866,51281,33.67,26.3,65.2,4.35,2.39,7.94,7.891301,50,21,1,81,9,1349,0.36,33.66,0.39,1,25,,,,,1,1,1,1,0,1,1,10/11/2019,1,2316.535,1.141859,0.781494,0.925178,1.574188,557429,0,0.069,0.175,,,224,224,224,9,28.28,235.12,523.55,150.33,2788.6
225,225,-157.7631771,21.27289654,MBGT1-225,HDOHIn,0,0,20190815,7:53:00 AM,Red,1,21.27286,-157.76317,51893,34.12,26.4,65.4,4.34,1.23,7.86,7.818331,25,12,1,73,8,699,0.86,34.1,0.62,1,7,,,Depth range of 59-66 given,,1,1,1,1,1,1,1,10/11/2019,1,2322.288,1.097779,0.852596,1.334604,1.679169,316286,0.15,0.054,0.243,,,225,225,225,9,273.13,301.16,308.06,509.12,3931.23
226,226,-157.7295754,21.27820366,MBGT1-226,HDOHIn,0,0,20190815,7:41:00 AM,Green,3,21.27823,-157.72958,54701,34.83,26.8,82.4,5.37,0.56,7.81,7.941574,36,13,1,25,6,500,0.2,36.13,1.4,1,5,,,,,1,1,1,1,0,1,1,,0,2263.973,1.13508,0.861232,0.614267,1.715102,383640,0,0.021,0.26,,,226,226,226,10,358.47,489.84,715.12,914.44,1379.28
227,227,-157.7441228,21.27760577,MBGT1-227,HDOHIn,0,0,20190813,6:49:00 AM,Red,1,21.2776,-157.74413,51487,33.72,26.2,51.1,3.42,1.45,7.83,7.823893,10,22,4,83,7,1159,0.38,33.85,0.91,1,7,,,,,1,1,1,1,0,1,1,,0,2291.966,1.113822,0.781981,0.82561,1.618285,515020,0,0.028,0.224,,,227,227,227,9,138.92,270.14,180.28,625.14,2447.19
228,228,-157.7581008,21.27300909,MBGT1-228,HDOHIn,0,0,20190812,7:04:00 AM,Yellow,2,21.27308,-157.75812,54423,32.95,26.9,77.1,5.03,0.58,7.8,7.842788,18,15,1,72,8,1164,0.245,33.56,3.6,1,7,,,"In-situ measurement, bottle sample was logged. Water sample was in deep water",,1,1,1,1,1,1,1,10/14/2019,2,2297.179,1.206696,0.706647,1.92198,1.602386,658592,0,0,0.157,,,228,228,228,10,41.23,293.91,514,366.74,3560.55
229,229,-157.7861494,21.26100754,MBGT1-229,HDOHIn,0,0,20190814,7:33:00 AM,Yellow,2,21.261,-157.78618,53939,34.74,26.9,99.5,6.5,0.97,7.82,7.908828,62,23,1,49,5,500,0.22,35.6,1,1,12,,,,,1,1,1,1,0,1,1,10/15/2019,3,2263.608,1.185773,0.954642,0.6982,1.64558,366520,0,0.102,0.176,0.125,,229,229,229,6,30,3810.16,509.9,1020.69,5860.44
230,230,-157.7677962,21.27322036,MBGT1-230,HDOHIn,0,0,20190815,7:41:00 AM,Yellow,2,21.27323,-157.76781,52548,33.95,26.2,63.7,4.24,3.64,7.57,7.833688,23,31,4,87,13,1088,0.57,34.59,0.42,1,22,"Many dublicates, looks like camera may have been in burst modus. Dublicates have been removed",,,,1,1,1,1,1,1,1,10/14/2019,2,2345.309,1.068591,0.850309,0.974931,1.664115,503102,0.1,0.074,0.235,0.133,,230,230,230,10,0,418.73,568.24,303.64,4259.16
231,231,-157.7265778,21.2775571,MBGT1-231,HDOHIn,0,0,20190814,7:30:00 AM,Green,3,21.27757,-157.72659,54634,34.9,26.6,83.7,5.49,0.11,7.81,7.895351,18,18,1,70,6,500,0.26,36.13,0.7,1,5,,,,,1,1,1,1,0,1,1,,0,2243.723,1.191935,1.035453,0.614679,1.729957,358460,0,0.077,0.238,,,231,231,231,10,380,489.84,742.43,896.27,1177.26
232,232,-157.7398799,21.27742338,MBGT1-232,HDOHIn,0,0,20190814,7:59:00 AM,Red,1,21.27741,-157.73988,52962,34.78,27,101.4,6.65,0.96,8.12,7.990451,65,22,1,76,5,500,0.18,34.83,0.86,1,8,,,,,1,1,1,1,0,1,1,10/15/2019,3,2265.453,1.180288,0.721989,0.53494,1.584104,354040,0.04,0.088,0.221,,,232,232,232,7,280,313.5,492.44,349.86,2143.53
233,233,-157.7778672,21.26755016,MBGT1-233,HDOHIn,0,0,20190813,7:23:00 AM,Yellow,2,21.26752,-157.77786,53962,34.75,26.5,93.4,6.14,1.23,7.88,7.957043,13,17,1,60,8,500,0.17,35.63,0.85,1,10,,,,,1,1,1,1,0,1,1,,0,2263.359,1.166722,0.805786,0.418861,1.59386,498440,0,0.06,0.304,0.113,,233,233,233,6,41.23,536.61,1626.31,108.17,5113.47
234,234,-157.7721526,21.27105614,MBGT1-234,HDOHIn,0,0,20190815,9:13:00 AM,Yellow,2,21.27105,-157.77216,53413,33.88,26.8,118.3,7.76,0.77,7.98,7.98767,15,15,1,74,8,500,0.17,35.22,0.45,1,24,"Many dublicates, looks like camera may have been in burst modus. Dublicates have been removed",,,,1,1,1,1,1,1,1,10/14/2019,2,2339.045,1.068565,0.794696,1.207539,1.593274,436551,0,0.031,0.304,0.089,,234,234,234,6,89.44,281.57,1083.01,219.32,4622.48
235,235,-157.7217103,21.27775453,MBGT1-235,HDOHIn,0,0,20190813,6:49:00 AM,Green,3,21.27775,-157.72171,54536,34.3,26.9,95.1,6.2,1.2,7.84,7.880772,11,14,4,53,7,500,0.09,36.05,0.85,1,6,,,,,1,1,1,0,0,1,1,,0,2954.155,1.190198,0.795442,0.545831,1.56867,317347,,,,,,235,235,235,6,407.19,783.75,904.27,700.07,819.77
236,236,-157.733551,21.27825007,MBGT1-236,HDOHIn,0,0,20190815,8:15:00 AM,Green,3,21.27826,-157.73358,54706,34.34,26.6,99.4,6.51,1.01,7.89,8.000135,32,14,1,25,5,500,0.17,36.19,0.53,1,13,,,,,1,1,1,1,0,1,1,,0,2284.082,1.004434,0.802924,0.442802,1.655768,193760,0,0.019,0.215,0.102,,236,236,236,6,180.28,391.87,947.52,514.78,1668.37
237,237,-157.7632989,21.27430697,MBGT1-237,HDOHIn,0,0,20190815,8:15:00 AM,Red,1,21.27431,-157.76331,49689,32.08,26.3,73.7,4.95,0.74,7.94,7.83993,24,8,1,73,12,2266,0.34,32.48,0.55,1,13,,,,,1,1,1,1,0,1,1,,0,2342.904,1.091495,0.781671,1.071399,1.60546,449800,0.01,0.03,0.267,0.11,,237,237,237,9,125.3,301.16,152.97,429.42,3909.3
238,238,-157.7261415,21.28059377,MBGT1-238,HDOHIn,0,0,20190814,6:56:00 AM,Green,3,21.28062,-157.72618,54313,34.24,25.7,75.2,5.01,1.49,7.47,7.890251,21,21,1,67,6,500,0.6,35.95,0.33,1,0,"only above surface pictures taken, sandy bottom",,,,1,1,1,1,1,1,1,10/14/2019,2,2311.66,0.983984,0.764693,1.048635,1.64923,753449,0,0.067,0.246,0.12,<10,238,238,238,10,40,1273.59,412.31,618.47,1080.16
239,239,-157.72232,21.2806016,MBGT1-239,HDOHIn,0,0,20190813,7:20:00 AM,Green,3,21.28055,-157.72235,54608,34.26,25.7,79.2,5.26,0.56,7.84,7.917319,12,13,1,59,5,500,0.1,36.13,0.26,1,0,"only above surface pictures taken, sandy bottom",,,,1,1,1,1,0,1,1,10/15/2019,3,2313.421,1.226571,0.761655,0.790463,1.767491,638200,1.03,0.089,0.311,0.075,,239,239,239,10,102.96,1273.59,632.53,398.12,804.26
240,240,-157.7499564,21.27696097,MBGT1-240,HDOHIn,0,0,20190813,8:02:00 AM,Red,1,21.27694,-157.74998,50901,32.61,26.8,75.3,5,2.59,7.98,7.878567,15,12,3,70,9,2168,0.41,33.39,0.25,1,17,,,,,1,1,1,1,0,1,1,10/15/2019,3,2399.304,1.069687,0.667384,2.216906,1.559956,800480,0.04,0.084,0.224,0.161,<10,240,240,240,9,0,235.12,653.91,14.14,2885.55
241,241,-157.760899,21.27462795,MBGT1-241,HDOHIn,0,0,20190815,7:29:00 AM,Red,1,21.27462,-157.76093,47721,30.54,26,60.8,4.14,0.73,7.83,7.782728,34,5,25,96,18,4307,0.36,31.04,0.7,1,6,,,,,1,1,1,1,1,1,1,10/14/2019,2,2273.439,0.960955,0.829854,2.486776,1.63596,620837,0.43,0.074,0.136,,,241,241,241,9,167.63,301.16,184.39,206.16,3730.04
242,242,-157.7289073,21.28071707,MBGT1-242,HDOHIn,0,0,20190815,7:25:00 AM,Green,3,21.28071,-157.72893,54452,34.26,26.1,70.2,4.64,1.15,7.57,7.865732,25,14,1,25,5,500,0.39,36.01,0.32,1,5,,,,,1,1,1,1,0,1,1,,0,2315.619,1.091089,0.811918,1.399349,1.674546,553980,0.1,0.083,0.262,0.125,,242,242,242,10,85.44,979.69,433.82,858.66,1277.38
243,243,-157.7436895,21.27702643,MBGT1-243,HDOHIn,0,0,20190813,7:07:00 AM,Red,1,21.27701,-157.7437,52919,34.23,26.6,82.8,5.46,1.1,7.95,7.82626,13,17,1,70,5,500,0.27,34.89,0.72,1,6,,,Depth range of 65-80 given,,1,1,1,1,0,1,1,10/15/2019,3,2291.263,1.189539,0.751424,1.41613,1.690648,392939,1.13,0.03,0.294,0.099,,243,243,243,7,218.4,270.14,245.15,668.88,2429.09
244,244,-157.752941,21.2756823,MBGT1-244,HDOHIn,0,0,20190813,8:49:00 AM,Red,1,21.27567,-157.75298,52927,34.26,27.3,113.6,7.41,0.65,8.15,7.999385,20,12,1,50,7,500,0.16,34.85,0.65,0,14,,,Depth range of 65-80 given,,1,1,1,1,0,1,1,,0,2258.736,1.104353,0.862591,1.49379,1.765921,333796,0.15,0.046,0.207,,,244,244,244,7,89.44,333.09,940.21,331.06,3130.95
245,245,-157.8055371,21.25511909,MBGT1-245,HDOHIn,0,0,20190812,7:12:00 AM,Red,1,21.2551,-157.80559,55730,34.22,27.2,102.1,6.6,2.55,8.08,7.962011,17.6,19,1,46,7,500,0.331,34.74,0.65,1,7,,,"In-situ measurement, bottle sample was logged, DS has the Garmin GPS points, depth range of 55-75 given due to wave action",,1,1,1,1,1,1,1,10/14/2019,2,2264.551,1.158596,0.764603,1.440424,1.697397,424000,0.02,0.069,0.246,0.127,,245,245,245,7,10,4890.67,1537.69,3086.1,7397.08
246,246,-157.766865,21.27137541,MBGT1-246,HDOHIn,0,0,20190815,8:22:00 AM,Yellow,2,21.27137,-157.76691,54038,34.26,27.4,112.4,7.28,0.67,7.99,8.02152,18,13,2,66,9,500,0.36,35.66,0.7,1,13,"Many dublicates, looks like camera may have been in burst modus. Dublicates have been removed",,,,1,1,1,1,0,1,1,,0,2262.549,1.372095,0.656464,8.774931,1.673634,319840,0,0.084,0,,,246,246,246,6,219.32,222.79,624.82,398.5,4235.11
247,247,-157.7257971,21.2795047,MBGT1-247,HDOHIn,0,0,20190814,7:13:00 AM,Green,3,21.27948,-157.72578,54687,34.09,26.1,80.9,5.34,0.47,7.75,7.809626,51,15,1,60,6,500,0.25,36.18,0.43,1,5,,,,,1,1,1,1,0,1,1,,0,2288.897,1.217744,1.218704,0.650977,1.816751,585380,0.5,0.068,0.206,,,247,247,247,10,170,783.75,548.18,673.57,1076.38
248,248,-157.7374511,21.27873682,MBGT1-248,HDOHIn,0,0,20190814,7:23:00 AM,Red,1,21.27873,-157.73746,52989,34.89,26.8,91.6,6.02,0.42,8.12,7.981809,22,19,1,85,7,500,0.17,34.89,0.58,1,11,,,,,1,1,1,1,0,1,1,,0,2279.972,2.434763,3.695659,0.140182,65535,328020,1.07,0.079,0.312,0.1,,248,248,248,7,123.69,313.5,701.78,174.64,1939.05
249,249,-157.777232,21.26694022,MBGT1-249,HDOHIn,0,0,20190813,7:37:00 AM,Yellow,2,21.26696,-157.77722,53936,34.75,27.3,101,6.56,0.58,7.93,7.963842,7.6,14,4,67,6,500,0.25,35.6,0.9,1,10,,,,,1,1,1,0,0,1,1,,0,2258.733,1.241482,0.747673,0.323608,1.487491,304245,,,,,,249,249,249,6,130.38,469.81,1642.1,160,5079.5
250,250,-157.7704554,21.27217344,MBGT1-250,HDOHIn,0,0,20190815,8:47:00 AM,Yellow,2,21.27217,-157.77049,53501,34.48,26.7,101.2,6.65,1,7.84,7.913495,20,17,1,78,11,560,0.26,35.28,0.22,1,25,"Many dublicates, looks like camera may have been in burst modus. Dublicates have been removed",,,,1,1,1,1,1,1,1,10/14/2019,2,2342.033,0.998385,0.841505,2.766068,1.745681,312388,1.47,0.07,0.243,0.091,,250,250,250,6,20,418.73,863.13,31.62,4476.74
251,251,-157.7252694,21.27871688,MBGT1-251,HDOHIn,0,0,20190814,7:20:00 AM,Green,3,21.27871,-157.7253,54629,34.12,26.4,86.5,5.68,0.51,7.8,7.895884,22,19,1,52,5,500,0.38,36.13,0.47,1,5,,,,,1,1,1,1,0,1,1,10/15/2019,3,2279.314,1.07825,1.040742,0.68647,0,451420,0.61,0.065,0.249,,,251,251,251,10,250,783.75,638.91,715.61,1058.62
252,252,-157.7350323,21.27797191,MBGT1-252,HDOHIn,0,0,20190814,7:03:00 AM,Red,1,21.27797,-157.73505,52944,34.05,27.1,92.7,6.07,0.18,8.09,7.932059,41,22,1,67,6,500,0.12,34.85,1.1,1,10,,,"Lat/Long_DS maps in unreasonable locations, might want to use YSI coordinates",,1,1,1,1,0,1,1,10/15/2019,3,2269.155,5.018788,65535,0.093197,,250840,1.34,0.081,0.355,,,252,252,252,7,190,391.87,958.85,400,1781.27
253,253,-157.7644244,21.27418107,MBGT1-253,HDOHIn,0,0,20190815,8:05:00 AM,Red,1,21.27419,-157.76443,50733,32.55,26.3,64.6,4.32,0.52,7.9,7.821441,16,15,1,74,11,1648,0.69,33.24,0.33,1,25,,,,,1,1,1,1,0,1,1,10/15/2019,3,2350.968,1.00779,0.760672,1.039181,1.64742,405102,0.11,0.079,0.198,,,253,253,253,9,89.44,301.16,219.32,533.1,3993.08
254,254,-157.7311333,21.27961562,MBGT1-254,HDOHIn,0,0,20190815,8:28:00 AM,Green,3,21.27962,-157.73117,54679,34.02,26.6,93.1,6.1,0.48,7.86,7.914427,35,13,1,25,5,500,0.36,36.16,0.59,1,8,,,,,1,1,1,1,0,1,1,,0,2288.628,0.909163,0.676892,0.611848,1.765668,462580,0.08,0.095,0.254,0.096,,254,254,254,10,250,489.84,660.68,721.73,1463.73
255,255,-157.7246632,21.2803877,MBGT1-255,HDOHIn,0,0,20190814,7:04:00 AM,Green,3,21.28038,-157.7247,54600,34.2,25.7,78.3,5.21,0.77,7.72,7.855686,68,21,1,58,5,500,0.42,36.14,0.39,1,3,,,,,1,1,1,1,0,1,1,,0,2281.137,0.938833,0.681247,1.044041,1.656105,737449,0.19,0.098,0.281,,,255,255,255,10,76.16,783.75,497.39,526.31,978.25
256,256,-157.7505393,21.27586822,MBGT1-256,HDOHIn,0,0,20190813,8:22:00 AM,Red,1,21.27587,-157.75056,52823,34.09,26.4,74.5,4.93,0.68,7.92,7.829933,21,14,1,134,5,500,0.19,34.79,0.47,1,9,,,,,1,1,1,1,0,1,1,,0,2322.393,1.0933,0.701622,0.837332,1.622313,414286,1.37,0.117,0.205,0.068,,256,256,256,9,110,333.09,761.58,120.83,2951.22
257,257,-157.7603827,21.27373215,MBGT1-257,HDOHIn,0,0,20190815,7:37:00 AM,Red,1,21.27374,-157.76036,52717,34.14,26.8,89.5,5.89,0.4,8,7.860327,15,18,1,60,6,500,0.19,34.75,0.57,1,14,,,,,1,1,1,1,0,1,1,,0,2284.87,0.960323,0.733709,0.941695,1.712327,312700,4.28,0.091,0.18,0.098,,257,257,257,7,161.25,301.16,300,269.26,3708.22
258,258,-157.7310249,21.28162402,MBGT1-258,HDOHIn,0,0,20190815,8:57:00 AM,Green,3,21.28164,-157.73105,54031,33.72,26.9,132.4,8.65,0.62,8.01,8.052107,36,11,1,25,17,1014,0.43,35.68,0.16,1,0,Only above surface,,,,1,1,1,1,1,1,1,10/14/2019,2,2332.585,1.013894,0.657301,1.198126,1.590315,471143,1.18,0.084,0.149,0.127,,258,258,258,6,40,979.69,502.2,749.53,1410.39
259,259,-157.7400517,21.27969865,MBGT1-259,HDOHIn,0,0,20190814,8:47:00 AM,Red,1,21.2797,-157.74007,52923,34.17,26.7,93.8,6.18,1.05,8.11,7.985543,24,20,1,57,5,500,0.18,34.86,0.48,1,21,,,,,1,1,1,1,0,1,1,,0,2297.732,0.963358,0.601147,0.996676,1.57248,458245,0.39,0.085,0.286,0.1,<10,259,259,259,7,30,313.5,432.9,206.16,2106.67
260,260,-157.754427,21.27384446,MBGT1-260,HDOHIn,0,0,20190812,8:01:00 AM,Yellow,2,21.27385,-157.75444,55591,34.14,27.5,105.1,6.76,4.33,8.01,7.868185,10,17,1,58,8,500,0.234,34.72,0.78,1,10,,,"In-situ measurement, bottle sample was logged.",,1,1,1,1,0,1,1,10/15/2019,3,2262.736,1.353734,0.549173,0.967799,1.533718,381102,0,0.092,0.334,,,260,260,260,6,56.57,333.09,820.06,564,3276.95
261,261,-157.738,21.28,Pia Stream,Stream,0,0,20190814,9:01:00 AM,Red,1,21.2799,-157.73805,52988,34.26,27.1,103.9,6.8,6.24,8.13,7.931203,35,21,1,55,5,500,3.04,34.92,0.19,1,10,,,,,1,1,1,1,1,1,1,10/14/2019,2,2337.053,1.052771,0.653747,1.401113,1.530201,463388,0.14,0.072,0.27,0.089,10,261,261,261,7,10,313.5,643.82,31.62,1955.92
262,262,-157.777,21.269,Waialae Nui Stream,Stream,0,0,20190813,7:00:00 AM,Yellow,2,21.26646,-157.77715,53839,33.54,27.3,102.7,6.68,0.73,7.96,7.855797,21,15,23,75,12,760,0.86,35.01,0.25,1,21,,,,,1,1,1,1,1,1,1,10/14/2019,2,2384.701,1.051485,0.660159,1.362673,1.558107,292490,0.42,0.108,0.248,0.169,10,262,262,262,6,165.53,469.81,1618.95,170.88,5085.5
263,263,-157.779,21.267,Kahala Stream,Stream,0,0,20190813,7:13:00 AM,Yellow,2,21.26756,-157.77501,53695,21.02,27,99.2,6.48,1.43,7.91,7.846864,14,380,181,1990,74,8670,7.01,21.87,0.75,1,0,,"Stream, very low visibility",,,1,1,1,1,1,1,1,10/14/2019,2,3322.505,1.515804,1.170683,3.990681,1.539381,3737560,2.57,0.096,0.245,0.049,20,263,263,263,12,270.19,536.61,1538.08,262.49,4906.14
264,264,-157.7625,21.2756,Wailupe 4 (Big Boil),Dulai,0,0,20190815,8:35:00 AM,Red,1,21.2756,-157.76253,40639,24.39,25.7,84.9,5.98,9.79,7.98,7.854984,20,6,196,263,42,12654,0.6,25.96,0.58,0,1,"Low quality: This picture is basically not usable, its too mercy. Il left it in, becasue it gives us at least an idea of the benthic cover",Too murky for photos,,,1,1,1,1,1,1,1,10/14/2019,2,2279.496,1.030433,0.755384,0.575738,1.59336,598490,1.86,0.121,0.212,0.063,,264,264,264,9,28.28,301.16,0,304.14,3824.27
265,265,-157.76305,21.27566,Wailupe 6,Dulai,0,0,20190815,8:25:00 AM,Red,1,21.27549,-157.76312,43586,24.78,26.1,79.2,5.48,6.8,7.97,7.828346,16,11,124,212,41,10253,0.64,28.07,0.3,1,13,Low quality: Water is mercy and pictures are out of focus.,,,,1,1,1,1,0,1,1,,0,2327.254,1.026069,0.735986,1.438026,1.641553,578531,2.11,0.105,0.179,0.055,<10,265,265,265,9,14.14,301.16,22.36,366.74,3869.44
266,266,-157.74423,21.27924,Kawaikui 8,Dulai,0,0,20190813,6:22:00 AM,Red,1,21.27914,-157.7442,32278,22.39,24.6,69.9,5.2,45.94,7.91,7.834597,245,5,191,284,45,13608,5.21,20.1,0.18,0,0,,"too mercy for photos, sandy/muddy/rocks",,,1,1,1,1,1,1,1,10/14/2019,2,2174.76,1.02859,0.68032,1.719411,1.54336,655600,0.96,0.122,0.158,0.055,20,266,266,266,12,0,270.14,10,641.33,2418.22
267,267,-157.727103,21.284225,Kanewai 1,Dulai,0,0,20190812,6:19:00 AM,Green,3,21.2842,-157.72713,5424,2.794,23.3,86.5,7.26,0.07,7.16,7.648412,2.8,2,569,579,109,54890,0.188,2.82,1.1,1,4,,,"Salinities were not noted down on DS, specific conductivity instead",,1,1,1,1,1,1,1,10/14/2019,2,1826.746,1.156063,0.765508,1.701541,1.554076,70571,2.67,0.089,0.118,0.03,,267,267,267,8,130,979.69,10,580.09,1069.86
268,268,-157.796903,21.257153,Black Point,BWTF,0,0,20190812,8:06:00 AM,Red,1,21.25702,-157.79675,55370,25.17,27.4,108.7,7.01,0.44,8.1,7.883536,34,19,21,72,8,500,0.247,34.14,0.75,1,5,,,"In-situ measurement, bottle sample was logged, DS has the Garmin GPS points, depth range of 70-80 given due to wave action",,1,1,1,1,1,1,1,10/14/2019,2,2280.444,1.101835,0.888776,1.129267,1.541135,249980,0.11,0.1,0.31,0.1275,10,268,268,268,7,10,4659.87,601.66,2171.17,6714.21
269,269,-157.75458,21.275951,Aina Haina,BWTF,0,0,20190813,9:01:00 AM,Red,1,21.27595,-157.75459,52372,25.22,27.1,94.4,6.2,13.77,8.05,7.891995,63,17,1,92,12,500,1.42,34.47,0.85,,0,2 pictures of the location here,,,,1,1,1,1,0,1,1,10/15/2019,3,2317.729,1.085077,0.771985,0.973943,1.604917,336265,2.05,0.152,0.297,0.154,,269,269,269,7,0,333.09,770.06,472.97,3241.38
270,270,-157.72165,21.28369,Kuliouou Stream,BWTF,0,0,20190813,7:44:00 AM,Green,3,21.28363,-157.72166,48282,30.22,26.8,55.8,3.74,21.05,7.62,7.783539,34,135,62,373,37,5563,4.2,31.42,0.12,1,0,"only above surface pictures taken, sandy bottom",,,,1,1,1,1,1,1,1,10/14/2019,2,2754.794,1.097284,0.717139,3.18691,1.537986,2155000,0.41,0.072,0.202,,218,270,270,270,12,36.06,1273.59,563.21,50.99,686.21
271,271,-157.7222376,21.28179067,Kuliouou Pole 2,BWTF,0,0,20190813,7:30:00 AM,Green,3,21.28177,-157.72224,54348,34.71,25.7,76.3,5.08,1.54,7.81,7.899856,20,16,1,67,5,500,0.18,35.94,0.24,1,0,"only above surface pictures taken, sandy bottom",,,,1,1,1,1,1,1,1,10/14/2019,2,2336.263,1.046546,0.788419,0.836471,1.678651,706040,0.24,0.087,0.251,,<10,271,271,271,10,10,1273.59,568.24,269.26,769.33
272,272,-157.711339,21.261358,Koko Kai Beach Park,HDOH Reg,0,0,20190812,8:38:00 AM,Green,3,21.26138,-157.71124,55860,34.68,26.9,101.5,6.58,0.21,7.99,8.019823,24.8,19,1,84,7,500,0.287,34.46,4.5,1,5,"only pictures of wall, no under water pictures; Depth is an after-the-fact visual estimate because it couldn't be measured in situ",,"Salinities were not noted down on DS, specific conductivity instead, depth not indicated, perhaps not possible?",,1,1,1,1,1,1,1,10/14/2019,2,2273.65,1.237588,0.764914,0.804352,1.483878,342180,2.88,0.1,0.207,0.246,,272,272,272,6,10,97.97,3017.61,1114,422.97
273,273,-157.74583,21.2772556,Sensor B,McManus Lab sensor,0,0,20190813,7:22:00 AM,Red,1,21.27725,-157.74583,52474,34.57,26.3,51.5,3.42,0.78,7.83,7.809431,21,17,1,69,5,500,0.29,34.55,0.78,1,6,,,,,1,1,1,1,1,1,1,10/14/2019,2,2314.827,1.105187,0.824964,0.946505,1.592802,395000,2.59,0.067,0.256,0.212,<10,273,273,273,9,120.83,235.12,278.03,441.81,2578.08
274,274,-157.709983,21.266947,Chinawalls,HDOH Reg,0,0,20190812,8:03:00 AM,Green,3,21.26693,-157.70995,56130,34.85,26.9,104.5,6.76,1.75,7.91,7.925018,33.2,18,1,68,6,500,0.622,34.81,0.06,,5,,,"Salinities were not noted down on DS, specific conductivity instead",,1,1,1,1,1,1,1,10/14/2019,2,2284.653,1.21651,0.856405,1.46819,1.591942,455020,0.8,0.114,0.296,0.175,<10,274,274,274,6,0,529.03,2610.38,490.31,206.89
275,275,-157.815893,21.25657271,Diamond Head Beach Act125,Act 125,0,0,20190812,6:39:00 AM,Red,1,21.25658,-157.81589,55724,34.44,26.7,94,6.12,1.45,7.98,7.923873,18.4,14,14,73,6,500,0.192,34.54,0.6,1,9,,,"In-situ measurement, bottle sample was logged, DS has the Garmin GPS points. depth range of 45-75 given due to wave action",,1,1,1,1,1,1,1,10/14/2019,2,2338.292,1.187632,0.870209,1.113988,1.633611,321080,0.03,0.071,0.25,0.1615,<10,275,275,275,7,0,2059.01,2569.44,4026.77,8110.43
276,276,-157.800133,21.256217,Cromwells,MBHUI,0,0,20190812,7:50:00 AM,Red,1,21.25626,-157.80017,56012,34.63,27.1,99.8,6.45,0.92,8.02,7.91688,1,20,2,66,7,500,0.947,34.65,0.95,1,5,,,"In-situ measurement, bottle sample was logged, DS has the Garmin GPS points, depth range of 90-100 given due to wave action",,1,1,1,1,1,1,1,10/14/2019,2,2253.11,1.142562,0.744233,1.138164,1.587496,259796,0.81,0.102,0.179,0.081,,276,276,276,7,0,5281.03,963.02,2523.57,6978.78
277,277,-157.79065,21.25903,Black Point 1,Dulai,0,0,20190814,9:34:00 AM,Yellow,2,21.25908,-157.79065,7931,4.387,24.5,83.9,6.83,0.19,7.54,7.840109,4.8,2,2670,2780,132,41910,0.02,4.39,0.3,1,17,"Many dublicates, looks like camera may have been in burst modus. Dublicates have been removed","Very obvious temperature change, SGD spring visble",,,1,1,1,1,1,1,1,10/14/2019,2,3157.247,1.162765,0.829737,2.53706,1.693648,19673,4.39,0.129,0.117,0.04,<10,277,277,277,8,10,4578.75,0,1512.38,6226.73
278,278,-157.789637,21.258775,Black Point 2,MBHUI,0,0,20190814,9:14:00 AM,Yellow,2,21.25876,-157.78964,51386,32.72,26.8,101.6,6.72,0.8,7.89,7.904255,22,22,80,118,10,2596,0.27,33.73,0.65,1,10,"Many dublicates, looks like camera may have been in burst modus. Dublicates have been removed",,,,1,1,1,1,1,1,1,10/14/2019,2,2321.678,1.072899,0.875955,1.054519,1.743588,205260,1.2,0.07,0.175,0.131,,278,278,278,6,76.16,4578.75,104.4,1457.15,6160.65
279,279,-157.7910844,21.25551478,Black Point Act125,Act 125,0,0,20190813,8:51:00 AM,Yellow,2,21.2553,-157.79305,53803,34.69,27.2,103.5,6.73,1.65,8,7.951534,29,15,3,80,7,500,0.41,35.53,2,0,0,3 pictures of site; Depth was an after-the-fact visual estimate because it could not be measured in situ,"sample take from cliffs, not possible to get into the water due to swell","DOH bottle and DataSheet Site Num is ""BP?"", ",,1,1,1,0,0,1,1,,0,2258.424,1.231861,0.700502,0.566735,1.549197,380380,,,,,10,279,279,279,6,10,4539.57,398.25,1969.87,6484.25
280,108A,-157.794923,21.25534856,,Benthic,0,0,20190815,10:59:00 AM,Yellow,2,21.25614,-157.79506,53916,34.16,27.7,107.5,6.94,0.83,8.03,8.033628,30,19,10,76,10,500,0.16,35.56,2.25,0,0,1 picture of site,,,,1,1,0,1,1,1,1,10/15/2019,3,2268.665,1.129886,0.824814,0.884417,1.582805,193388,0,0.04,0.175,0.088,,108A,108A,108A,6,0,4659.87,477.07,2078.51,6611.27
300,104B,-157.7156178,21.27239943,,Benthic,1,1,20190813,7:59:00 AM,Boat,4,21.27081,-157.72534,53647,34.9,25.6,97.5,6.52,1.94,8.11,7.97403,1,27,3,45,8,500,0.215,35.41,11.63,0,,,,,,1,1,1,0,0,1,1,10/17/2019,5,2257.714,1.186507,0.68921,0.770349,1.578109,264140,,,,,,104B,104B,104B,3,1130,156.75,1492.15,1518.32,1236.11
301,112B,-157.817926,21.25074957,,Benthic,1,1,20190814,8:40:00 AM,Boat,4,21.24956,-157.81776,53428,34.93,27,100.3,6.56,0.5,8.19,8.012155,38,8,1,65,8,500,0.11,35.1,21.55,0,,,,,,1,1,1,0,0,1,1,10/17/2019,4,2265.381,1.393839,0.847711,0.454586,1.560163,377720,,,,,,112B,112B,112B,3,785.49,1016.1,2926.18,4490.35,8401.35
302,117B,-157.7519192,21.26879885,,Benthic,1,1,20190814,8:07:00 AM,Boat,4,21.26881,-157.75186,53273,34.88,27.2,98.5,6.43,0.67,8.17,8.019147,56,22,1,76,7,500,0.2,35.14,10.07,0,,,,,,1,1,1,0,0,1,1,,5,2260.324,1.388143,0.731826,0.872263,1.638711,438220,,,,,,117B,117B,117B,5,662.42,78.37,1316.05,915.91,3201.51
303,120B,-157.7952216,21.25436218,,Benthic,1,1,20190814,7:46:00 AM,Boat,4,21.25365,-157.79471,53294,34.76,27.3,93.9,6.11,1.19,8.13,7.99353,21,8,1,72,9,500,0.19,34.51,3.05,0,,,,,,1,1,1,0,0,1,1,10/17/2019,4,2253.075,1.452219,1.173732,0.567236,1.680607,429920,,,,,,120B,120B,120B,3,210.95,4155.39,640.7,2223.2,6641.03
304,123B,-157.7444941,21.27051991,,Benthic,1,1,20190813,8:41:00 AM,Boat,4,21.27048,-157.74463,53279,34.74,27.1,98.4,6.43,2.15,8.18,8.02666,50.2,24,1,73,5,500,0.144,35.2,8.54,0,,,B correct,,,1,1,1,0,0,1,1,10/17/2019,4,2256.516,1.320511,0.705204,0.503089,1.690491,461490,,,,,,123B,123B,123B,5,843.09,78.37,970.82,910.49,2640.83
305,132B,-157.8040378,21.25445077,,Benthic,1,1,20190814,8:10:00 AM,Boat,4,21.25008,-157.80304,53316,34.84,27,100.6,6.58,1.39,8.08,7.957421,50,19,4,140,13,500,0.09,30.14,9.03,0,,,,,,1,1,1,0,0,1,1,10/17/2019,4,2255.022,1.221481,0.874473,0.64126,1.693092,339920,,,,,,132B,132B,132B,5,608.36,4275.69,1534.05,3142.01,7323.49
306,133B,-157.7554016,21.26752219,,Benthic,1,1,20190814,8:17:00 AM,Boat,4,21.26757,-157.75533,53492,34.76,27,96.1,6.28,0.99,8.15,8.009635,16,14,2,66,9,500,0.25,35.26,8.9,0,,,,"YSI data not on DS, perhaps only logged due to time constraints?",,1,1,1,0,0,1,1,,5,2262.823,1.47141,0.617952,1.107428,1.616491,467840,,,,,,133B,133B,133B,3,671.86,78.37,1156.03,1046.52,3480.3
307,134B,-157.7829884,21.25607701,,Benthic,1,1,20190814,9:28:00 AM,Boat,4,21.25584,-157.78506,53451,34.78,27,100.5,6.57,1.98,8.19,8.048597,19,16,2,78,9,500,0.15,35.24,11.92,0,,,,,,1,1,1,0,0,1,1,10/17/2019,4,2267.571,1.629074,0.623934,0.844819,1.586471,382959,,,,,,134B,134B,134B,3,580.34,4422,677.42,1400.04,5893.49
308,139B,-157.7485839,21.26894109,,Benthic,1,1,20190814,6:57:00 AM,Boat,4,21.2678,-157.74829,53407,34.81,26.9,100.4,6.57,0.32,8.15,8.055296,26,11,1,80,11,500,0.11,34.48,13.6,0,,,,,,1,1,1,0,0,1,1,,5,2264.469,1.511681,0.737685,0.631632,1.557171,362180,,,,,,139B,139B,139B,3,975.81,137.16,1337.65,1029.61,2965.22
309,148B,-157.8084056,21.25075021,,Benthic,1,1,20190814,8:27:00 AM,Boat,4,21.25033,-157.80829,53225,34.86,27,99.3,6.5,2.46,8.09,7.979631,26,9,1,106,7,500,0.16,35.57,5.61,0,,,,,,1,1,1,0,0,1,1,,5,2252.169,1.227883,0.867572,0.601621,1.630082,513380,,,,,,148B,148B,148B,,490.92,3434.31,1990.23,3577.63,7698.28
310,149B,-157.7662966,21.26764398,,Benthic,1,1,20190814,8:51:00 AM,Boat,4,21.26652,-157.76689,53441,34.76,26.9,96.3,6.3,7.54,8.12,7.997873,ND,ND,ND,ND,ND,ND,ND,35.23,7.65,0,,,,Sample lost in transit to HDOH,,1,1,1,0,0,1,0,10/17/2019,4,2255.48,1.373487,0.558216,0.958509,1.486874,567347,,,,,,149B,,149B,3,699.21,144.41,1086.32,758.02,4340.94
311,152B,-157.7905802,21.25360791,,Benthic,1,1,20190814,7:40:00 AM,Boat,4,21.25316,-157.79045,53239,34.8,27.2,99.7,6.5,0.76,8.19,8.050798,25,8,1,87,8,500,0.12,35.08,9.55,0,,,,,,1,1,1,0,0,1,1,,5,2268.128,1.344467,0.849674,0.350599,1.577153,445060,,,,,,152B,152B,152B,3,250.6,4127.77,585.49,1952.33,6343.27
312,155B,-157.7384355,21.27218945,,Benthic,1,1,20190813,8:52:00 AM,Boat,4,21.27202,-157.73851,53430,34.77,27.1,96.5,6.31,1.45,8.15,8.02711,26,26,1,121,6,500,0.13,35.44,10.37,0,,,B correct,,,1,1,1,0,0,1,1,10/17/2019,4,2273.808,1.326513,0.65995,0.810303,1.570688,531265,,,,,,155B,155B,155B,3,872.07,274.31,986,900.5,2163.44
313,157B,-157.7743957,21.26569807,,Benthic,1,1,20190814,9:06:00 AM,Boat,4,21.26421,-157.77432,53450,34.8,27.1,95.8,6.26,2.04,8.11,7.98939,18,17,8,69,8,500,0.35,35.23,5.52,0,,,,"YSI data not on DS, perhaps only logged due to time constraints?",,1,1,1,0,0,1,1,10/17/2019,4,2254.902,1.322809,0.717055,0.664936,1.609831,328551,,,,,,157B,157B,157B,3,543.78,419.05,1727.43,549.18,4930.27
314,158B,-157.7306206,21.27557392,,Benthic,1,1,20190813,8:24:00 AM,Boat,4,21.27448,-157.73076,53399,34.81,26.9,99.5,6.52,1.43,8.09,7.969119,16,33,3,143,7,500,0.13,35.2,4.47,0,,,,,,1,1,1,0,0,1,1,10/17/2019,4,2263.334,1.340028,0.757317,0.779911,1.667979,238531,,,,,,158B,158B,158B,3,684.76,333.09,1141.62,988.58,1547.64
315,159B,-157.7130334,21.27077642,,Benthic,1,1,20190814,11:23:00 AM,Boat,4,21.27082,-157.71391,52816,35.07,27.5,105.1,6.84,7.97,8.14,7.986903,39,18,4,162,10,500,0.51,34.75,3.14,0,,,,"YSI data not on DS, perhaps only logged due to time constraints?",,1,1,1,0,0,1,1,10/17/2019,4,2267.32,1.291712,0.793671,0.750068,1.620117,530429,,,,,,159B,159B,159B,5,579.83,450.66,2016.26,522.4,407.84
316,161B,-157.7148,21.27516,,Benthic,1,1,20190813,9:38:00 AM,Boat,4,21.27519,-157.71492,53485,34.99,26.9,91.4,5.99,10.59,8.06,7.939304,51,29,5,90,7,500,0.38,35.29,4.57,0,,,sand,,,1,1,1,0,0,1,1,10/17/2019,4,2286.095,1.269818,0.755109,0.748022,1.623115,651163,,,,,,161B,161B,161B,,656.05,979.69,1610.28,738.24,384.45
317,169B,-157.7237533,21.27415612,,Benthic,1,1,20190813,7:56:00 AM,Boat,4,21.27288,-157.72403,53320,34.88,27.1,95.3,6.23,2.25,8.12,8.005386,19,23,2,112,10,500,0.21,35.15,5.32,0,,,,,,1,1,0,0,0,1,1,,5,2272.783,1.3892,0.677006,0.813093,1.559003,310265,,,,,,169B,169B,169B,3,905.54,529.03,1292.83,1264.95,1095.46
318,171B,-157.7607063,21.26964466,,Benthic,1,1,20190814,8:37:00 AM,Boat,4,21.26727,-157.76479,53414,34.85,26.9,99.2,6.5,1.62,8.11,7.976969,31,19,4,79,7,500,0.47,35.21,6.17,0,,,,"YSI data not on DS, perhaps only logged due to time constraints?",,1,1,1,0,0,1,1,,5,2256.872,1.281724,0.788073,0.726407,1.656566,521347,,,,,,171B,171B,171B,3,712.81,19.59,947.26,834.87,4172.23
319,172B,-157.749235,21.27290452,,Benthic,1,1,20190814,7:53:00 AM,Boat,4,21.27198,-157.7496,53454,34.88,26.8,98.3,6.45,1.26,8.08,7.833487,48,16,4,71,6,500,0.36,35.25,3.66,0,,,,,,1,1,1,0,0,1,1,,5,2221.131,1.212828,0.774129,0.868217,1.618366,481020,,,,,,172B,172B,172B,5,543.32,195.94,984.73,543.32,2967.7
320,173B,-157.7774078,21.26146527,,Benthic,1,1,20190814,9:15:00 AM,Boat,4,21.26148,-157.77748,53474,34.77,27,95.3,6.23,2.98,8.07,7.939177,23,17,8,79,7,500,0.59,35.25,9.2,0,,,,"YSI data not on DS, perhaps only logged due to time constraints?",,1,1,1,0,0,1,1,10/17/2019,4,2255.235,1.265801,0.802083,1.130312,1.688622,333500,,,,,,173B,173B,173B,,474.24,797.84,1388.52,623.7,5219.58
